{
	"width" : 640,
	"height" : 480,
	"intrinsic_matrix" : 
	[
		572.41140,
		0,
		0,
		0,
		573.57043,
		0,
		325.26110, 
		242.04899,
		1
	]
}
